company_contact,company_email,company_name,company_website
,,CodeClouds,codeclouds.com
,,BrainerHub,brainerhub.com
,,Aryson Technologies,arysontechnologies.com
,,Aurigo,aurigo.com
7532870076,support@lambdatest.com,LambdaTest,lambdatest.com
,,Avekshaa Technologies,avekshaa.com
4045465555,ksama@modeln.com,Model N,modeln.com
,,Cyber Vision Infotech,cvinfotech.com
8697977365,sales@sbr-technologies.com,SBR Technologies,sbr-technologies.com
1204984670,HR@CadientTalent.com,Cadient Talent,cadienttalent.com
9840490480,hello@rootquotient.com,RootQuotient Technologies,rootquotient.com
,info@pitchnhire.com,Pitch N Hire,pitchnhire.com
7862063131,hr@techifysolutions.com,Techify Solutions,techifysolutions.com
9902752211,sharath.gowda@waterlabs.ai,Waterlabs AI,
,,Genesys Telecommunications Laboratories,genesys.com
,,Smart Software Services(I),smartsoftwareservice.com
7065001122,hr@almonds.ai,Almonds Ai,
,info@fleetstudio.com,Fleet Studio Technologies,fleetstudio.com
8866518364,hello@brilworks.com,Brilworks,brilworks.com
,,Ample Softech System,amplesoftech.com
9790826353,xcelsmm@xcelcorp.com,XCEL Corp,xcelcorp.com
,,Roitech Consulting,
,info@crud-operations.com,CRUD Operations Private Limited,crud-operations.com
8939888089,hr@wavecl.com,Wave Code Logix,wavecl.com
1204242790,indiainfo@expediteinc.com,EXPEDITE SOFTWARE SERVICES,india.expediteinc.com
2266951695,hr.in@tebillion.com,TEBillion Systems,tebillion.com
,,Wesnia Info Solutions,wesnia.com
9620209869,sales@mobiotics.com,Mobiotics,mobiotics.com
8600053202,career@cyberium.info,Cyberium Infotech,
4714074000,careers@ivldsp.com,Innoval Digital Solutions,ivldsp.com
,,Excelgoodies Software,excelgoodies.com
,,Conquerors Software Technologies,
49000101,contacttss@kuonitumlare.com,Tumlare Software Services,tumlaresoftwareservices.com
,,Yext,yext.com
,,Peocit Software Solutins,peocitsoftware.com
,,TetrusCorp Solutions,tetruscorp.com
,,Ayansys Solutions,ayansys.com
,,Spearline,spearline.com
8049922281,HR@BlueTree.in,Bluetree Consultancy Services,
9866935252,Info@24x7offshoring.com,24x7 Offshoring,24x7offshoring.com
9971755399,support@toffeeglobal.com,Toffee,toffeeglobal.com
,,Radical Software,radicalsoftwares.com
,ssahni@pathlock.com,Pathlock,pathlock.com
,contact@antarcticaglobal.com,Antarctica Global,antarcticaglobal.com
,careers_India@thrivepass.com,ThrivePass,thrivepass.com
,,Astrea IT Services,astreait.com
7799285123,hr@businesslabs.org,Business Labs,
,,SmartPoint Technologies,
,,Identity and Access Solutions,identityandaccesssolutions.com
,,Testlabs It Solutions,
,,Sycamore Software Solutions,sycamoresol.com
,,Square Vision Technology,squarevisiontech.com
9962411492,info@ninositsolution.com,Ninos It Solution,ninositsolution.com
,,Testrinx Software Solutions,testrinx.com
,,Bizbrolly Solutions,bizbrolly.com
45558500,info@genixtec.com,GENIX Technologies Private Limited,genixtec.com
7292050505,hr@invoidea.com,Invoidea Technologies,invoidea.com
,,Aurochs Software,
,,Ysecit Software India,ysecit.com
,,HackerRank,hackerrank.com
,,Equinox Software And Services,equinoxsoftwareservices.com
,,CloudSense,cloudsense.com
8287766178,hello@geeksinvention.com,Geeks Invention,geeksinvention.com
,,Microsoft Azure,azure.microsoft.com
,,Vesture Softech,
,,SAPCHA ENTERPRISES,
,,Adaptive Software Solutions,
,,Surge Software Solutions,
,,AMIGOS SOFTWARE SOLUTIONS,
,,Seatel Software Solutions,
7777035474,hr@yapsody.com,Yapsody India,yapsody.com
,,Technolite Software Solution,
,,Stee Software Technologies,
,,Vrnda Software Technologies,vrnda.com
,,Provatosoft,provatosoft.com
,,Velozity Global Solutions,
,,Interbiz Solutions,
,,Sanoits Software Solutions,sanoits.com
,,Handssys Software Technologies,handssys.com
,,True Height Interface Infosolution,
7070701947,hello@hyring.com,Hyring,hyring.com
,,Outamation,outamation.com
,,Aavatto,aavatto.com
,,Funtoot,funtoot.com
,,TietoEnator Software Technologies,
,,CURIAN SOFTWARE SERVICES,csspvt.com
,,TEKOPTIMIZE SOFTWARE INDIA,tekoptimize.com
,,AO Software Solution,aosoftwaresolution.com
,,Guidewire Software,guidewire.com
,,The Keshri Software Solutions,
,,Mash Virtual,
,,Ecs Technologies,
,,Fair Isaac India Software,fico.com
,,Qualityze,qualityze.com
7501344219,support@turaingrp.com,Turain Software,turaingrp.com
9512180005,leads@nichetech.in,Nichetech Computer Solutions,nichetechsolutions.com
8774509425,,Genea,getgenea.com
,,Zeotap India,zeotap.com
9790826353,info@nyinst.com,NYINST,nyinst.com
7207069660,hr@freetimehospitality.com,Freetime Hospitality,
,,BluSapphire Cyber Systems,
,,Cognyte,cognyte.com
7068253250,joshua@strategywerks.com,PSJ Strategywerks,strategywerks.com
,,Maximind Software Solutions,
9632066239,work@iqnext.io,IQnext,
9330226233,hr@flowrec.org,Flowrec Solutions,flowrec.com
,,Kobster.com,kobster.com
1300147617,sales@vnmtsolutions.com,VNMT Solutions,vnmtsolutions.com
8758759099,sales@divtechnosoft.com,Divtechnosoft,divtechnosoft.com
,,Compusol Software,compuyg.com
9845780393,hello@mojro.com,Mojro Technologies,mojro.com
4469055604,careers@visailabs.com,VisAI Labs,visailabs.com
9611533511,info@sdlglobe.com,SmartDrive Labs Technologies,sdlglobe.com
,,Outsourced Solutions,
,,Pact Software Services,pactsoft.com
7770777405,info@webapp.world,Webapp,
,,Livevox Solutions,livevox.com
,,Verve Mobile,vervemobi.com
,,Deccansoft Software Services,deccansoft.com
,,Essence Software Solutions,essencesoftwares.com
,,Micropyramid Informatics,micropyramid.com
,,Netrix Worldwide,netrixllc.com
,,Amadasoft,
,,eStar Software Solutions,
9916606644,fmti.office@fridaymediagroup.com,Friday Media Tech India,fridaymediagroup.com
,,Zakapps Software,zakapps.com
,,FEBA Technologies,febatech.com
,,Qantur Technologies,qantur.com
,,Shilsha Technologies,shilshatech.com
,,Kudosintech Software,kudosintech.com
,,AUM INFOTECH,auminfotech.com
,,Serveen Software Systems,
,,Mobonic Software Solutions,
,,I Base It Software Solutions,
4035162198,info@zyxan.tech,Zyxan Technologies,
,,BTV SOFTWARE,
9408730545,info@siliconsignals.io,Silicon Signals,
,,BPAAS Solutions,bpaassolutions.com
9999822204,info@webninjaz.com,WebNinjaz Technologies,webninjaz.com
,hr@gogroup.co,GoGroup,
,,Enate Technologies India,
,,G2.com,g2.com
,,Atgen Software Solutions,
,,Lakeshow ERP Software,
,seoteam@xerve.in,Xerve,
,,Arcsine Software Private Limited,
,,Denodo Technologies,denodo.com
,,AppsTec ERP Solutions,appstec-me.com
,,Navit Software Solutions,
,,Suvidha Software Solutions,
9999876779,info@rnssoft.com,Rns Software Solutions,rnssoft.com
,,Palmtree Software Solutions,
,,DEAZZLE SERVICES,
,,FullThrottle Labs,fullthrottlelabs.com
,,DOCUBYTE SOFTWARE SOLUTIONS,
,,Xavica Software Solutions,xavica.com
,,DESIDEA SOFTWARE TECHNOLOGIES,
42254801,hr@avighnasys.com,AVIGHNA SYSTEMS PRIVATE LIMITED.,avighnasys.com
,,Plavaga Software Solutions,
,,Balihans Software,balihans.com
,,Dega Software Technologies,
,,Vlocity Cloud Applications India,vlocity.com
,,VRAIO Software Solutions,
,,Barnco Business Services,barncobusiness.com
,,Jeta Software India,
,,Effivity Technologies,effivity.com
,,Agile Cockpit,agilecockpit.com
,,PipeCandy,pipecandy.com
,,EQUILOGICS Software,
,,Vaave,vaave.com
,,Vitco Software Solution,
,,Alsa Software,
,,Sword Software N Technologies,ssntpl.com
,,Ignify Software,
,,LegalXgen Software Solutions,legalxgen.com
,,Le Logix Software,lelogix.com
,,Veegam Software,veegam.com
,,Brictech Software,
,,Semanoor Software Solutions,
9966229239,careers@dashninja.com,Dash Ninja Technologies,dashninja.com
,,Wilshire Software Technologies,
,hr@wovvtech.com,WovVTech,wovvtech.com
,,GoX,
,,QuilinX,
,,Vidu.Tech,
,,Spirka Technologies,spirkatechnologies.com
,,Sophista Software Solutions,sophistasoftware.com
,,Medaptic Software,medapticsoftware.com
,,THAPOS SOFTWARE,
,,Prime Software Technologies,
,,Persystent Software Solutions,persystentsoft.com
,,HANSAMUKH SOFTWARE SOLUTIONS,
,,AD Computer & Software Developer,
,,India-Israel Innovation HUB,team-scale.com
,,MANDALI SOFTWARE SOLUTIONS,mandalisoft.com
,,Grawlix Software,grawlixsoft.com
,,Distributed Software Solutions,dss.com.sg
,,Unvired Software India,
,,EQS Web Technologies,eqs.com
,,Ras Software Solutions,
,,BSIT Software Services,bsitsoftware.com
,,Hardwin Software Solutions,
,,BUILDIUM SOFTWARE SOLUTIONS,
,,Ebest Mobile Technologies,ebestglobal.com
,,Exensys Software Solutions,
,,Innovate Minds Software Solutions,
,,EnCloudEn,enclouden.com
,,Tradeboox,tradeboox.com
,,Kiprosh,kiprosh.com
,,TekMonks,tekmonks.com
,,Aximo Infotech,aximoinfotech.com
,,Float Group,floatteam.com
,,Arkatiss,arkatiss.com
,,R J Global Solutions,
,,SenSure Technology Services,
4046033285,info@walsharp.com,Walsharp Technologies,
,,RHYM Technologies,rhymtech.com
,,Entiovi Technologies,entiovi.com
,,VETRI SOFTWARE,
,,3E Software Solutions,3esofttech.com
,,Ultimus Software,xpressjobs.ultimusindia.com
,,WhitePel Software,
,,Discountjee Software Solutions,
,,Fiport Software India,
,,Vairat Software Solutions,
,,2X12 Software Solutions,
,,Audlink Software,
,,Valisha Technologies,valishatech.com
,,Techlead Software Engineering,techlead-india.com
,,Candour Software,
,,Reboot Software,
,,Optirise Software,
,,Array Software Systems,arraytoz.com
,,Adweb Software,
,,Redberry Software Technologies,
,,Clinical Software,
,,Victory Visions Software Development,
,,Pyrumas Software,
,,PIRNAV SOFTWARE SOLUTIONS,pirnav.com
,,Adept Software Avenues,
,,Seven Servos Software,
,,NOVEL INDUCTIVE REASONING SOFTWARE,
,,Hexon Software Solutions,
,,Radiant Software Solutions,
,,Cross Atlantic Software,
,,Honey Software Company,
,,Poseidon Software Solutions,poseidonsolutions.com
,,Software Work,sawindia.com
,,Triyama Software,
,,Vsk Software Services,
,,Crisp System,crispsystem.com
,,Pronto Software Solutions,pronto-ss.com
,,Exzeo,exzeo.com
,,Serge Software Technologies,
,,GJ CAMBRiCK Software,
,,Valens DataLabs,valensdatalabs.com
,,MARAM SOFTWARE,
,,Dev Software & Services,
,,Marut Software Solutions,marutsoft.com
,,Sierra Atlantic Software Services,
,,Orovia Software,orovia.com
,,Dendrite Software,
,,Lucid Software,
,,Convexicon Software Solutions India,convexiconindia.com
,,ICGC SOFTWARE TECHNOLOGIES,
,,Xsys Software Technologies,
,,Webnish Software,webnish.com
,,TechBulls Software Services,
,,Kennect,
,,Fuchsia Software Technologies P,fuchsiasoft.com
,,Vaakruthi Software Solutions,vaakruthi.com
,,ASTU SOFTWARE SOLUTIONS OPC,
,,Jayeesha Software,jayeesha.com
,,Saniel Software Services,sanielsoft.com
,,Unique Creations Software India Pvt Ltd | E-Commerce web Portal Development | IoT & Wearables,
,,Devahuthi Software Solutions,devahuthi.com
,,Nitya Software India,nityainc.com
,,Soccerlab Software Development,soccerlab.com
,,Software Xprts Services,softwarexprts.com
,,Eightfolds Software Technologies,
,,CBL DATA SCIENCE,instafinancials.com
,,Nutpam Software,
,,Sovimal Software Solutions,sovimal.com
,,3INSYS SOFTWARE SOLUTIONS,3insysit.com
9829848394,sales@stitchmes.com,Stitch MES,stitchmes.com
7892611152,info@interone.io,Interone Technologies,
,,KSAB Software,
,hello@rebellink.com,RebelLink,rebellink.com
,,BizzSetu,bizzsetu.com
,,CloudPrism,
7982703982,mail@invoay.com,Invoay Software,invoay.com
7447422228,info@thingsup.io,Thingsup,
9871064488,hr@invia.co.in,INVIA,invia.com.au
,,Epedagogue Global,epedagogue.com
,,TurboHire,
,,Pattern Technologies,pattern.com
,,ServiceNow Developers,
,hr@scanova.io,Scanova,
7299880500,info@zyplesoft.com,Zyple Software Solutions,zyplesoft.com
,,Conferra Software Solutions,conferrasoft.com
,,Amoeboids Technologies,amoeboids.com
,,Ajt Software Labs,
,contact@hedgevisionsystems.com,Hedge Vision Systems,hedgevisionsystems.com
,,Soulstice Software Solutions,
,,Wankys Software Technologies,wankys.com
,,Dignitech Media Works,dignitech.com
,,Brilliant Star Software,
,,Rofous Software,
,,TechManyata Software Solutions,
,,Sharpsys Software Solutions,
,,APYL Software & Systems,
,,Dph Software Services,
,,Symbioun Software,
,,Pratham Software,thepsi.com
,,Sivanta Software,
,,SCI-BI Software Systems (P) Ltd,sci-bi.com
,,I2v System,i2vsys.com
,,Oztek Software,
,,Sysfo Software Solutions,
,,Hot Cocoa Software,
,,Arush Infotech,arushinfotech.com
,,EDUSTREAM SOFTWARE,
,,Conniver Software Solutions,
,,Government Aided School,
,,Vyankatesh Software Solutions,
,,LUSCIOUS SOFTWARE,
,,Indian Servers,indianservers.com
,,Softage Software Solutions,
,,Letsmobility Software Solutions,
,,Alfie Software,
,,Aquila Software Services,aquilasoftware.com
,,Impulse Software Solution,impulsetek.com
9150022782,info@redbee365.com,Redbee365 Studio,redbee365.com
,,Sequoia Applied Technologies,sequoiaat.com
,,Milearth Softech,
9841122989,deemsyshr@deemsys.in,Deemsys Software Services,
,,RailMitra,railmitra.com
,,iGuru Software Solutions,igurusolutions.com
9016310001,hello@raoinformationtechnology.com,Rao Information Technology,raoinformationtechnology.com
,,"Blueware Software Services(OPC) Pvt,",
,,Workato,workato.com
,,Nuts Software Solutions,nutssoftware.com
,,Envertis Software Solutions A Complete ERP Solution Provider,
,,Codeyiizen Software & Services,codeyiizen.com
,,Aruman Software Technologies,
,,Duta Software India,
,,TAGON Software Technologies (Pvt),tagontech.com
4704471288,info@techmentee.com,Techmentee,techmentee.com
,,Total IT Software Solutions,
,,Vartecha Software,
,,MADHUMITHA SOFTWARE SERVICES,madhumithasoft.com
,,Airmid Software Solutions,
,,Machining Software,
,info@delnie.com,DELNIE,delnie.com
,,Cognic Systems,cognicsys.com
,,Itech Nextgen Software Services,
,,Mquest Software,
,,Bluebase Software Services,
,,Eduzest Software,eduzestsoftware.com
9023933508,hr@alchemytech.ca,Alchemy Technologies,
,,Frontline Information Technology,
7799036036,chandrad@bosframework.com,BOS Framework,bosframework.com
7667312426,Contact@gegnat.com,Gegnat Yards,gegnat.com
9772400799,connect@runtime.one,Runtime Software,runtimehrms.com
9845138726,Info@celtrontech.com,Celtron Technologies,celtrontech.com
,,K-AKA Technology Services,
8445943394,solution@evoluz.tech,Evoluz Global Solutions,
,,Yro Systems,
,,M Squared Software & Services,m2india.com
,,Canvascom Engineering & Software Services,canvascom.com
1724181855,vkumar@appinfoinc.com,Applied Information,appinfoinc.com
,,Fierydevs Software,fierydevs.com
,,Trajectus,trajectus.com
,,BiznessForce Software Solutions,
,,Optisol Software and Services,
,,GivingForce Technologies,givingforce.com
9116645010,,Appentus Technologies,appentus.com
,,Avtech Software Services,
,,PrimeITZen Software Solutions,primeitzen.com
,,Fortelogic Software,
,,Akp Software Solutions,
,,Technalyse Software,technalyse.com
,,Greylabs Software Solutions,
,,Veetech Software Solutions,
6281141655,info@kishoretech.in,Kishore Tech Solutions Overseas,
,,Tekzop,tekzop.com
,,Websky Software Solutions,
,,Talentship,talentship.com
,,Avoma,avoma.com
,ankur@wearetechtonic.com,Techtonic,wearetechtonic.com
,info@gdkserv.com,GDK Services,gdkserv.com
9081022999,hello@oddeveninfotech.com,Oddeven Infotech Private Limited,oddeveninfotech.com
8956588558,contact@spatioworld.com,SpatioWorld Technologies,spatioworld.com
,contact@websparx.in,Websparx IT Solutions,
,privacy@sigfig.com,SigFig,sigfig.com
,,Sitetracker,sitetracker.com
,,SouthIndus Labs,southindus.com
,,Eminence Square,eminencesquare.com
,,Champion Software Technologies,championsofttech.com
9871716781,info@elitecontrivers.com,Elite Contrivers,elitecontrivers.com
,,Bhavitra Technologies,bhavitra.com
,,Siddhi Software Solutions,
,,Zeki Software Solutions,zekisolutions.com
,,Emerald Associates,emerald-associates.com
,,ViMo Software Development,
,,Doyze Software Solutions,
,,HYBRIDCLOSYS SOFTWARE SOLUTIONS,hybridclosys.com
,,Omsteck,omsteck.com
,,WALKIN SOFTWARE TECHNOLOGIES,
,,Sanyog Software,
,,Ec Group Datasoft,ecgroup-intl.com
,,Mails Daddy Software,
,,HB Software Solutions India,
,,Anju Software,anjusoftware.com
,,Rayies Global Solutions,rayies.com
